id,kategori,nama_budaya,deskripsi_singkat,makna_dan_fungsi,lokasi_utama,lintang,bujur,kondisi
1,Tarian Tradisional,Tari Perang,Gerakan menirukan pertempuran pakai tongkat & perisai kulit kerbau,Simbol keberanian leluhur & bela diri,Seluruh Lombok,-8.5650,116.3510,Terawat
2,Tarian Tradisional,Tari Rudat,Tarian kelompok gerakan lincah pakai sarung kotak-kotak iringan gendang,Melambangkan kegagahan prajurit & doa keselamatan,Lombok Timur,-8.3715,116.5258,Terawat
3,Tarian Tradisional,Tari Gandrung Sasak,Tarian penyambutan tamu gerakan luwes disertai syair pujian,Ungkapan hormat & keramahan,Lombok Barat & Mataram,-8.5833,116.1167,Terawat
4,Tarian Tradisional,Tari Oncer,Tarian 3 babak tentang peperangan diciptakan tahun 1960,Cerita sejarah perjuangan Kerajaan Selaparang,Desa Puyung Lombok Tengah,-8.7281,116.2419,Tidak Terawat
5,Tarian Tradisional,Tari Tandang Mendet,Tarian prajurit bawa tombak tameng & kelewang era Selaparang,Kekuatan spiritual & perlindungan desa,Sembalun Lombok Timur,-8.3598,116.5258,Tidak Terawat
6,Tarian Tradisional,Tari Tandak Gerok,Tarian gotong royong berbagai profesi petani nelayan tukang,Persatuan & kegembiraan pasca panen,Lombok Timur,-8.3715,116.5258,Tidak Terawat
7,Tarian Tradisional,Tari Genggong,Tarian 7 orang pemusik sambil menari iringan seruling & rebab,Harmoni alam & manusia,Lombok Tengah,-8.7903,116.2533,Tidak Terawat
8,Tarian Tradisional,Tari Kayak Sando,Tarian bertopeng bercerita kisah Panji dari Jawa kuno,Pelestarian sastra lisan,Lombok Tengah & Timur,-8.5809,116.3896,Rusak Berat
9,Tarian Tradisional,Tari Cupak Gerantang,Tarian upacara penting berdasar kisah Panji abad 15,Kesucian & keberkahan acara besar,Seluruh Lombok,-8.5650,116.3510,Tidak Terawat
10,Tarian Tradisional,Tari Lenggo Sasak,Gerakan lembut menyerupai dahan tertiup angin,Keramahan & kehalusan budi,Lombok Utara,-8.3236,116.0458,Tidak Terawat
11,Tarian Tradisional,Tari Nguri,Tarian wanita gerakan halus diiringi gamelan selonding,Kesucian & keanggunan,Lombok Tengah,-8.7903,116.2533,Terawat
12,Tarian Tradisional,Tari Pakon,Tarian sakral pemanggilan roh leluhur saat upacara besar,Hubungan manusia dengan dunia gaib,Bayan Lombok Utara,-8.2666,116.4272,Tidak Terawat
13,Tarian Tradisional,Tari Cilokaq,Tarian berpasangan gerakan jenaka & luwes,Hiburan & mempererat silaturahmi,Lombok Barat,-8.7167,116.1167,Tidak Terawat
14,Tarian Tradisional,Tari Betek,Tarian ketangkasan melempar & menangkap batang kayu,Ketangkasan fisik & kerjasama,Seluruh Lombok,-8.5650,116.3510,Terawat
15,Tarian Tradisional,Tari Jidur,Tarian berirama pukulan gendang kecil jidur secara berkelompok,Kekompakan & rasa syukur,Lombok Timur,-8.3715,116.5258,Terawat
16,Tarian Tradisional,Tari Serampang Dua Belas,Tarian 12 gerakan utama akulturasi Islam & budaya lokal,Ajaran moral 12 prinsip hidup,Kota Mataram,-8.5833,116.1167,Tidak Terawat
17,Tarian Tradisional,Tari Pencak Sasak,Gerakan bela diri yang diubah menjadi gerak tari,Displin & ketangguhan fisik,Seluruh Lombok,-8.5650,116.3510,Terawat
18,Tarian Tradisional,Tari Kipas Sasak,Tarian wanita memakai kipas anyaman bambu bermotif,Keanggunan & kesopanan,Desa Sukarare Lombok Tengah,-8.7619,116.2147,Terawat
19,Tarian Tradisional,Tari Topeng Lingsar,Tarian bertopeng di lingkungan Pura Lingsar,Kerukunan antar pemeluk agama,Lingsar Lombok Barat,-8.5758,116.1801,Terawat
20,Tarian Tradisional,Tari Malean Sampi,Tarian mengiringi arak-arakan sapi saat festival pasca panen,Rasa syukur atas hasil alam,Sembalun Lombok Timur,-8.3598,116.5258,Tidak Terawat
21,Tarian Tradisional,Tari Bau Nyale,Tarian khusus saat upacara menangkap cacing laut di pantai,Penghormatan Putri Mandalika,Pantai Seger Kuta Lombok Tengah,-8.8983,116.3050,Terawat
22,Tarian Tradisional,Tari Nyongkolan,Tarian mengiringi iring-iringan pengantin keliling desa,Kebahagiaan & pengenalan pengantin baru,Seluruh Lombok,-8.5650,116.3510,Terawat
23,Tarian Tradisional,Tari Rebana Sasak,Tarian berirama pukulan rebana sambil berbaris,Akulturasi budaya Islam & lokal,Seluruh Lombok,-8.5650,116.3510,Terawat
24,Tarian Tradisional,Tari Selonding,Tarian lambat sakral iringan gamelan besi,Doa keselamatan & kesuburan tanah,Lombok Tengah,-8.7903,116.2533,Terawat
25,Alat Musik Tradisional,Gendang Beleq,Gendang besar dimainkan berkelompok jumlah ganjil,Kegagahan persaudaraan & iringan utama adat,Lombok Timur,-8.3715,116.5258,Terawat
26,Alat Musik Tradisional,Gamelan Selonding Sasak,Perangkat gamelan dari besi nada khas berbeda dari Bali,Alat musik sakral upacara adat & agama,Lombok Tengah,-8.7903,116.2533,Terawat
27,Alat Musik Tradisional,Ceng-ceng,Simbal kecil dari tembaga dipukul bersamaan,Mempertegas irama & semarak,Seluruh Lombok,-8.5650,116.3510,Terawat
28,Alat Musik Tradisional,Gong Sasak,Gong besar berukuran sedang sampai besar,Tanda dimulainya & diakhirinya acara,Seluruh Lombok,-8.5650,116.3510,Terawat
29,Alat Musik Tradisional,Suling Sasak,Seruling bambu dengan 6 lubang nada khas Sasak,Iringan lembut penyejuk suasana,Seluruh Lombok,-8.5650,116.3510,Terawat
30,Alat Musik Tradisional,Rebab Sasak,Alat petik dawai 2 berleher panjang mirip kecapi,Akulturasi budaya Arab & lokal,Seluruh Lombok,-8.5650,116.3510,Tidak Terawat
31,Alat Musik Tradisional,Jidur,Gendang kecil berdiameter sekitar 20 cm dimainkan berkelompok,Iringan tarian & shalawatan,Lombok Timur,-8.3715,116.5258,Terawat
32,Alat Musik Tradisional,Petuk,Alat pukul dari kayu keras berpasangan,Bunyi tajam pemandu irama gendang beleq,Lombok Timur,-8.3715,116.5258,Terawat
33,Alat Musik Tradisional,Kenceng,Alat musik dari lempengan besi dipukul atau digenggam,Iringan tari Oncer & upacara kecil,Desa Puyung Lombok Tengah,-8.7281,116.2419,Rusak Berat
34,Alat Musik Tradisional,Gamelan Gambang Sasak,Perangkat bilah kayu di atas rongga suara,Hiburan rakyat tempo dulu,Lombok Tengah,-8.7903,116.2533,Rusak Berat
35,Alat Musik Tradisional,Terompong Sasak,Susunan gong kecil berbaris di atas bingkai,Melodi utama dalam ansambel gamelan,Lombok Barat,-8.7167,116.1167,Tidak Terawat
36,Alat Musik Tradisional,Kendang Kencik,Gendang kecil berukuran separuh gendang biasa,Pengatur tempo cepat lambat,Seluruh Lombok,-8.5650,116.3510,Terawat
37,Alat Musik Tradisional,Bedug Adat,Tabuh besar dari batang pohon berlubang,Pemanggil warga & tanda waktu ibadah,Seluruh Lombok,-8.5650,116.3510,Terawat
38,Alat Musik Tradisional,Genggong,Alat musik mulut dari bambu & dawai halus,Bunyi unik khas daerah pegunungan,Sembalun Senaru,-8.3253,116.4642,Tidak Terawat
39,Alat Musik Tradisional,Kalaleng,Seruling bambu besar nadanya rendah berat,Iringan upacara tolak bala,Bayan Lombok Utara,-8.2666,116.4272,Rusak Berat
40,Alat Musik Tradisional,Kecer,Alat pukul dari tempurung kelapa bertali,Permainan musik anak-anak & iringan ringan,Seluruh Lombok,-8.5650,116.3510,Tidak Terawat
41,Alat Musik Tradisional,Gamelan Lingsar,Perangkat gamelan khusus milik Pura Lingsar,Kerukunan Hindu & Islam Wetu Telu,Lingsar Lombok Barat,-8.5758,116.1801,Terawat
42,Alat Musik Tradisional,Saron Sasak,Bilah besi dipukul pemukul kayu,Melodi sederhana dalam gamelan,Lombok Tengah,-8.7903,116.2533,Tidak Terawat
43,Alat Musik Tradisional,Kempul,Gong kecil berjumlah banyak nada berbeda,Pelengkap harmoni gamelan,Seluruh Lombok,-8.5650,116.3510,Terawat
44,Alat Musik Tradisional,Rebana Ubi,Rebana berukuran sangat besar dimainkan berkelompok,Shalawatan & peringatan hari besar Islam,Lombok Timur,-8.3715,116.5258,Terawat
45,Rumah Adat & Arsitektur,Bale Lumbung,Rumah panggung persegi panjang tanpa paku atap rumbia,Kesederhanaan keselarasan alam & gotong royong,Desa Sade Rambitan,-8.8423,116.2989,Terawat
46,Rumah Adat & Arsitektur,Dalam Beleq,Rumah adat besar banyak tiang penyangga milik kaum bangsawan,Pusat musyawarah & upacara besar,Lombok Tengah,-8.7903,116.2533,Terawat
47,Rumah Adat & Arsitektur,Bale Tani,Rumah terbuka tanpa dinding beratap rumbia,Tempat musyawarah warga & mengeringkan hasil panen,Seluruh Lombok,-8.5650,116.3510,Terawat
48,Rumah Adat & Arsitektur,Berugak,Gedung pertemuan beratap bulat atau segi delapan,Pusat kegiatan sosial keagamaan warga,Seluruh Lombok,-8.5650,116.3510,Tidak Terawat
49,Rumah Adat & Arsitektur,Lumbung Padi Sasak,Gudang padi terpisah dari rumah tinggal ditinggikan tiang,Menjaga hasil panen dari hewan & kelembaban,Seluruh Lombok,-8.5650,116.3510,Terawat
50,Rumah Adat & Arsitektur,Tiang Sembilan,Bagian utama Dalam Beleq ditopang 9 tiang kayu besar,Filosofi 9 sifat utama manusia sempurna,Lombok Tengah,-8.7903,116.2533,Terawat
51,Rumah Adat & Arsitektur,Atap Rumbia,Atap dari daun pohon rumbia disusun berlapis-lapis,Tahan panas hujan & simbol kerendahan hati,Seluruh Lombok,-8.5650,116.3510,Terawat
52,Rumah Adat & Arsitektur,Lantai Anyaman Bambu,Lantai dari bilah bambu dianyam rapi ditinggikan 1-1,5 m,Menjaga kelembaban & sirkulasi udara sehat,Seluruh Lombok,-8.5650,116.3510,Terawat
53,Rumah Adat & Arsitektur,Pintu Satu Arah,Rumah Sasak umumnya hanya punya 1 pintu utama,Filosofi satu tujuan hidup & menjaga privasi,Seluruh Lombok,-8.5650,116.3510,Terawat
54,Rumah Adat & Arsitektur,Jendela Kecil Saja,Hanya sedikit bukaan jendela berukuran kecil,Menjaga suhu ruang tetap sejuk & keamanan,Seluruh Lombok,-8.5650,116.3510,Terawat
55,Rumah Adat & Arsitektur,Pondasi Batu Alam,Tanpa semen hanya ditumpuk batu kali rapi,Kekuatan alam & tidak merusak tanah,Seluruh Lombok,-8.5650,116.3510,Terawat
56,Rumah Adat & Arsitektur,Istana Dalam Puri,Kediaman raja zaman Kerajaan Selaparang,Pusat pemerintahan kerajaan,Lombok Tengah,-8.7294,116.2264,Tidak Terawat
57,Rumah Adat & Arsitektur,Taman Narmada,Taman air kerajaan tiruan Gunung Rinjani & Danau Segara Anak,Tempat ritual raja & rekreasi,Narmada Lombok Barat,-8.5750,116.1500,Tidak Terawat
58,Rumah Adat & Arsitektur,Taman Mayura,Kolam besar dengan paviliun terapung bekas pengadilan kerajaan,Saksi sejarah peradaban Lombok,Cakranegara Mataram,-8.5897,116.1064,Terawat
59,Rumah Adat & Arsitektur,Berugak Bayan,Berugak tertua di Lombok abad ke-16 corak Islam awal,Saksi penyebaran agama Islam pertama,Bayan Lombok Utara,-8.2666,116.4272,Tidak Terawat
60,Rumah Adat & Arsitektur,Pura Meru,Kuil Hindu terbesar di Lombok 3 meru utama bertingkat,Akulturasi budaya Bali & Sasak,Cakranegara Mataram,-8.5892,116.1058,Terawat
61,Rumah Adat & Arsitektur,Pura Lingsar,Kuil unik umat Hindu & Islam Wetu Telu beribadah berdampingan,Simbol kerukunan abadi antar umat beragama,Lingsar Lombok Barat,-8.5758,116.1801,Terawat
62,Rumah Adat & Arsitektur,Masjid Kuno Bayan Beleq,Masjid kayu tanpa paku abad ke-16,Warisan Islam tertua & terawat di NTB,Bayan Lombok Utara,-8.2666,116.4272,Terawat
63,Rumah Adat & Arsitektur,Bale Datu,Rumah khusus tempat menyimpan benda pusaka desa,Menjaga warisan leluhur tetap aman & suci,Seluruh Lombok,-8.5650,116.3510,Tidak Terawat
64,Rumah Adat & Arsitektur,Susunan Kampung Melingkar,Rumah-rumah disusun melingkar berhadapan,Memudahkan pengawasan & rasa kebersamaan,Desa Sade,-8.8394,116.2921,Terawat
65,Rumah Adat & Arsitektur,Jalan Setapak Tanah Liat,Jalan utama desa dipadatkan tanah liat & jerami,Kesederhanaan hidup selaras alam,Desa Rambitan,-8.8452,116.3058,Tidak Terawat
66,Pakaian & Aksesoris Adat,Pakaian Sukarare,Pakaian adat lengkap dari tenun songket bermotif khas,Martabat kehalusan budi & identitas daerah,Desa Sukarare,-8.7619,116.2147,Terawat
67,Pakaian & Aksesoris Adat,Sapuq,Ikat kepala dari kain tenun bermotif geometris,Kendali pikiran agar tetap fokus & bijak,Seluruh Lombok,-8.5650,116.3510,Terawat
68,Pakaian & Aksesoris Adat,Kemeja Godoq,Baju lengan panjang longgar dari kain tenun tebal,Ketangguhan & kesederhanaan pria Sasak,Seluruh Lombok,-8.5650,116.3510,Terawat
69,Pakaian & Aksesoris Adat,Sarung Songket,Kain sarung bermotif benang emas perak tenun tangan,Kemuliaan dipakai saat momen sakral,Seluruh Lombok,-8.5650,116.3510,Terawat
70,Pakaian & Aksesoris Adat,Keris Sasak,Senjata pusaka berbilah khas gagang ukiran khas daerah,Kehormatan kewibawaan & perlindungan,Seluruh Lombok,-8.5650,116.3510,Terawat
71,Pakaian & Aksesoris Adat,Sabuk Tenun,Sabuk lebar dari tenun songket mengikat pinggang,Kekokohan pendirian & kewibawaan,Seluruh Lombok,-8.5650,116.3510,Terawat
72,Pakaian & Aksesoris Adat,Baju Kurung Sasak,Baju wanita potongan kurung lengan panjang,Keanggunan kesopanan & kesucian wanita,Seluruh Lombok,-8.5650,116.3510,Terawat
73,Pakaian & Aksesoris Adat,Sanggul Sasak,Tata rambut wanita disanggul tinggi dihiasi bunga & perhiasan,Kedewasaan & keanggunan wanita,Seluruh Lombok,-8.5650,116.3510,Terawat
74,Pakaian & Aksesoris Adat,Anting Emas Motif Bintang,Perhiasan telinga bermotif bintang khas Sasak,Kemakmuran & kecantikan,Seluruh Lombok,-8.5650,116.3510,Tidak Terawat
75,Pakaian & Aksesoris Adat,Kalung Bunga Melati,Perhiasan leher dari melati segar saat upacara,Kesucian & keharuman budi pekerti,Seluruh Lombok,-8.5650,116.3510,Terawat
76,Pakaian & Aksesoris Adat,Gelang Kaki Perak,Aksesoris wanita dari perak berukir halus,Penolak energi buruk & keanggunan langkah,Seluruh Lombok,-8.5650,116.3510,Tidak Terawat
77,Pakaian & Aksesoris Adat,Ikat Pinggang Kain Sutra,Pengikat pinggang khusus dari sutra tenun halus,Kemewahan yang tetap rendah hati,Desa Sukarare,-8.7619,116.2147,Tidak Terawat
78,Pakaian & Aksesoris Adat,Peci Songket,Penutup kepala pria dari songket bermotif,Kewibawaan & kesatria,Seluruh Lombok,-8.5650,116.3510,Terawat
79,Pakaian & Aksesoris Adat,Sarung Motif Subahnale,Kain sarung bermotif khas warisan leluhur,Identitas kekerabatan keluarga besar,Desa Sade,-8.8394,116.2921,Tidak Terawat
80,Pakaian & Aksesoris Adat,Kain Penutup Bahu Selendang,Kain lebar disampirkan di bahu wanita,Keramahan & kesopanan menyapa,Seluruh Lombok,-8.5650,116.3510,Terawat
81,Pakaian & Aksesoris Adat,Terompah Kayu,Alas kaki dari kayu keras ukiran khas,Kesehatan kaki & kesederhanaan,Seluruh Lombok,-8.5650,116.3510,Rusak Berat
82,Pakaian & Aksesoris Adat,Perhiasan Dada Kancing Emas,Peniti baju dari emas bermotif padi,Simbol kesuburan & rezeki berlimpah,Seluruh Lombok,-8.5650,116.3510,Tidak Terawat
83,Pakaian & Aksesoris Adat,Pakaian Pengantin Pria Sasak,Set lengkap songket keris sapuq peci,Simbol siap memimpin & bertanggung jawab,Seluruh Lombok,-8.5650,116.3510,Terawat
84,Pakaian & Aksesoris Adat,Pakaian Pengantin Wanita Sasak,Set songket sanggul penuh perhiasan emas,Simbol kesucian & kemuliaan memasuki rumah tangga,Seluruh Lombok,-8.5650,116.3510,Terawat
85,Motif Tenun Songket,Motif Subahnale,Motif geometris berulang khas warisan tertua Sasak,Kesatuan hati & pikiran yang selalu mengingat Tuhan,Desa Sukarare,-8.7619,116.2147,Terawat
86,Motif Tenun Songket,Motif Padi Menari,Garis-garis melengkung menyerupai padi tertiup angin,Kesuburan tanah & rasa syukur panen berlimpah,Desa Sukarare,-8.7619,116.2147,Terawat
87,Motif Tenun Songket,Motif Bintang Delapan Sudut,Bentuk simetris 8 arah mata angin,Perlindungan dari segala arah & petunjuk jalan benar,Desa Sade,-8.8394,116.2921,Terawat
88,Motif Tenun Songket,Motif Naga Besisik,Garis bergerigi menyerupai sisik naga legenda,Kekuatan gaib pelindung dari marabahaya,Desa Rambitan,-8.8452,116.3058,Tidak Terawat
89,Motif Tenun Songket,Motif Kupu-kupu Malam,Bentuk sayap kupu-kupu simetris cantik,Kecantikan yang lahir dari kesabaran & ketelatenan,Desa Sukarare,-8.7619,116.2147,Terawat
90,Motif Tenun Songket,Motif Gelombang Laut,Garis bergelombang mendatar berulang,Kekuatan alam laut & penghidupan nelayan,Pantai Tanjung Luar,-8.8069,116.6119,Tidak Terawat
91,Motif Tenun Songket,Motif Gunung Rinjani,Bentuk kerucut bertingkat menyerupai puncak gunung,Kekuatan alam tertinggi tempat bersemayam roh leluhur,Seluruh Lombok,-8.5650,116.3510,Terawat
92,Motif Tenun Songket,Motif Jala Ikan,Bentuk anyaman jala berbentuk belah ketupat,Rezeki yang datang dari kerja keras & kerjasama,Pantai Labuhan Haji,-8.8531,116.5503,Tidak Terawat
93,Motif Tenun Songket,Motif Bunga Melati,Lima kelopak bunga melati tersusun rapi,Kesucian hati & keharuman budi pekerti mulia,Seluruh Lombok,-8.5650,116.3510,Terawat
94,Motif Tenun Songket,Motif Ular Naga,Garis memanjang berkelok-kelok di tengah kain,Kekuatan penyembuh & pelindung keselamatan jiwa,Bayan Lombok Utara,-8.2666,116.4272,Rusak Berat
95,Motif Tenun Songket,Motif Tali Pusaka,Garis lurus tebal bersilangan tegak lurus,Ikatan persaudaraan yang tidak akan pernah putus,Seluruh Lombok,-8.5650,116.3510,Terawat
96,Motif Tenun Songket,Motif Kelelawan,Bentuk sayap kelelawar terbang menyebar,Kewaspadaan tinggi dalam menjaga diri & keluarga,Desa Puyung,-8.7281,116.2419,Rusak Berat
97,Motif Tenun Songket,Motif Matahari Terbit,Bentuk lingkaran bersinar 12 arah,Kehidupan baru harapan & semangat setiap pagi,Seluruh Lombok,-8.5650,116.3510,Terawat
98,Motif Tenun Songket,Motif Daun Pisang,Bentuk memanjang melebar berjejer rapi,Kemakmuran & banyak manfaat bagi sesama,Seluruh Lombok,-8.5650,116.3510,Tidak Terawat
99,Motif Tenun Songket,Motif Cacing Nyale,Bentuk panjang kecil berderet-deret,Kenangan abadi Putri Mandalika & kesetiaan cinta,Pantai Seger Kuta,-8.8983,116.3050,Terawat
100,Motif Tenun Songket,Motif Sangkur Pusaka,Bentuk melengkung menyerupai bilah keris,Kehormatan kewibawaan & keberanian membela kebenaran,Seluruh Lombok,-8.5650,116.3510,Tidak Terawat
101,Motif Tenun Songket,Motif Rumbai Rumbia,Garis pendek banyak menjuntai ke bawah,Kerendahan hati yang selalu memberi manfaat,Seluruh Lombok,-8.5650,116.3510,Tidak Terawat
102,Motif Tenun Songket,Motif Burung Gagak,Bentuk burung terbang sayap terbuka lebar,Peringatan agar selalu waspada & tidak mudah percaya,Desa Sade,-8.8394,116.2921,Rusak Berat
103,Motif Tenun Songket,Motif Anyaman Bambu,Belah ketupat bersambung rapi tak berujung,Kehidupan masyarakat yang saling terikat gotong royong,Seluruh Lombok,-8.5650,116.3510,Terawat
104,Motif Tenun Songket,Motif Air Terjun Senaru,Garis vertikal bergelombang turun ke bawah,Kesegaran alam & sumber kehidupan yang tak pernah kering,Senaru Lombok Utara,-8.3253,116.4642,Tidak Terawat
105,Motif Tenun Songket,Motif Bunga Teratai,Bunga mengapung di atas air berdaun lebar,Kesucian yang tetap terjaga walau hidup di tempat keruh,Seluruh Lombok,-8.5650,116.3510,Terawat
106,Motif Tenun Songket,Motif Gigi Rusa,Bentuk runcing berjejer berulang simetris,Kekuatan fisik & ketangkasan dalam berburu & berjuang,Sembalun,-8.3598,116.5258,Rusak Berat
107,Motif Tenun Songket,Motif Tiang Sembilan,Sembilan garis tegak sejajar sama panjang,Sembilan sifat utama manusia sempurna berakhlak mulia,Lombok Tengah,-8.7903,116.2533,Tidak Terawat
108,Motif Tenun Songket,Motif Jantung Hati,Bentuk lengkung tertutup menyerupai jantung,Ketulusan hati & kesetiaan cinta seumur hidup,Seluruh Lombok,-8.5650,116.3510,Terawat
109,Motif Tenun Songket,Motif Kaki Seribu,Garis pendek sangat banyak berderet rapi,Kekuatan yang muncul dari jumlah banyak & persatuan kokoh,Seluruh Lombok,-8.5650,116.3510,Rusak Berat
110,Motif Tenun Songket,Motif Awan Mendung,Bentuk lengkung besar bertumpuk ke atas,Ketenangan hati sebelum turun rahmat & hujan berkah,Seluruh Lombok,-8.5650,116.3510,Tidak Terawat
111,Motif Tenun Songket,Motif Buah Kelapa,Bentuk bulat sempurna berserat di sekeliling,Kegunaan serba guna pohon kehidupan bagi masyarakat,Seluruh Lombok,-8.5650,116.3510,Terawat
112,Motif Tenun Songket,Motif Panah Menembus,Garis lurus runcing menembus lingkaran,Tekad kuat pantang mundur meraih cita-cita mulia,Seluruh Lombok,-8.5650,116.3510,Rusak Berat
113,Motif Tenun Songket,Motif Bunga Kenanga,Bentuk memanjang 6 kelopak menjuntai,Wangian abadi & nama baik yang selalu diingat orang,Seluruh Lombok,-8.5650,116.3510,Tidak Terawat
114,Motif Tenun Songket,Motif Sisik Ikan,Bentuk setengah lingkaran kecil bertumpuk rapi,Pertahanan diri yang kuat namun tetap luwes bergaul,Pantai Tanjung,-8.8069,116.6119,Tidak Terawat
115,Motif Tenun Songket,Motif Pintu Gerbang,Dua garis tegak dihubungkan garis melengkung atas,Pembuka jalan rezeki & perlindungan batas wilayah,Seluruh Lombok,-8.5650,116.3510,Terawat
116,Motif Tenun Songket,Motif Lintah Darat,Bentuk memanjang melengkung dua arah,Peringatan agar waspada terhadap orang berniat buruk,Desa Rambitan,-8.8452,116.3058,Rusak Berat
117,Motif Tenun Songket,Motif Daun Kelapa Muda,Bentuk runcing memanjang berjejer kipas,Keremajaan semangat & kesegaran pikiran yang jernih,Seluruh Lombok,-8.5650,116.3510,Tidak Terawat
118,Motif Tenun Songket,Motif Roda Kehidupan,Lingkaran penuh dengan 8 jari-jari simetris,Putaran hidup naik turun yang harus dihadapi sabar,Seluruh Lombok,-8.5650,116.3510,Terawat
119,Motif Tenun Songket,Motif Burung Merpati,Bentuk burung kecil sayap terkatup rapi,Damai sejahtera & kesetiaan dalam ikatan perkawinan,Seluruh Lombok,-8.5650,116.3510,Terawat
120,Motif Tenun Songket,Motif Karang Laut,Bentuk tidak beraturan runcing-runcing,Ketahanan hati walau terus dihantam badai kehidupan,Pantai Senggigi,-8.4931,116.0458,Tidak Terawat
121,Motif Tenun Songket,Motif Tali Silang,Garis miring bersilangan membentuk huruf X,Kesatuan dua kekuatan berbeda menjadi satu kekuatan baru,Seluruh Lombok,-8.5650,116.3510,Terawat
122,Motif Tenun Songket,Motif Buah Nangka,Bentuk besar berbenjol-benjol kasar luarnya,Kebaikan hati yang manis walau tampang luar biasa saja,Seluruh Lombok,-8.5650,116.3510,Rusak Berat
123,Motif Tenun Songket,Motif Cahaya Lilin,Titik terang memancar garis ke segala arah,Ilmu pengetahuan yang menerangi jalan kegelapan,Seluruh Lombok,-8.5650,116.3510,Terawat
124,Motif Tenun Songket,Motif Akar Kayu,Garis berkelok-kelok memanjang ke segala sisi,Keteguhan hati yang berpegang teguh pada prinsip benar,Seluruh Lombok,-8.5650,116.3510,Tidak Terawat
125,Motif Tenun Songket,Motif Bunga Matahari,Bentuk lingkaran besar dikelilingi kelopak banyak,Semangat selalu menghadap kebaikan & tidak mudah putus asa,Seluruh Lombok,-8.5650,116.3510,Terawat
126,Motif Tenun Songket,Motif Gendang Beleq,Bentuk lonjong membesar di tengah,Kegagahan semangat juang & pemersatu warga desa,Lombok Timur,-8.3715,116.5258,Terawat
127,Motif Tenun Songket,Motif Siku Elang,Bentuk siku tajam menyerupai cakar burung elang,Ketajaman naluri & keberanian mengambil keputusan penting,Sembalun,-8.3598,116.5258,Rusak Berat
128,Motif Tenun Songket,Motif Air Tenang,Garis lurus mendatar sempurna tanpa gelombang,Ketenangan batin saat menghadapi segala masalah hidup,Seluruh Lombok,-8.5650,116.3510,Terawat
129,Motif Tenun Songket,Motif Daun Singkong,Bentuk menjari 5 atau 7 arah,Keluarga besar yang rukun bercabang tapi tetap satu induk,Seluruh Lombok,-8.5650,116.3510,Tidak Terawat
130,Motif Tenun Songket,Motif Perisai Kulit,Bentuk persegi panjang melengkung ujungnya,Perlindungan diri keluarga & tanah air dari serangan,Seluruh Lombok,-8.5650,116.3510,Tidak Terawat
131,Motif Tenun Songket,Motif Bintang Lima Sudut,Bentuk simetris 5 sudut sama besar,Cahaya petunjuk di saat gelap & harapan tak pernah padam,Seluruh Lombok,-8.5650,116.3510,Terawat
132,Motif Tenun Songket,Motif Lidah Api,Bentuk runcing memanjang naik ke atas tak beraturan,Semangat membara pantang menyerah & semangat juang tinggi,Seluruh Lombok,-8.5650,116.3510,Tidak Terawat
133,Motif Tenun Songket,Motif Kupu-kupu Sawah,Bentuk kecil sayap membulat sederhana,Kebahagiaan sederhana yang datang dari hati yang tulus,Seluruh Lombok,-8.5650,116.3510,Rusak Berat
134,Motif Tenun Songket,Motif Batu Cincin,Bentuk lingkaran dalam lingkaran luar,Kesetiaan ikatan janji suci yang takkan pernah berubah,Seluruh Lombok,-8.5650,116.3510,Terawat
135,Motif Tenun Songket,Motif Ombak Bergulung,Garis melengkung bertumpuk tiga ke arah sama,Kekuatan alam dahsyat & peringatan hormati alam,Seluruh Lombok,-8.5650,116.3510,Tidak Terawat
136,Motif Tenun Songket,Motif Buah Pisang,Bentuk memanjang berjejer satu sisir banyak,Rukun anggota keluarga yang saling melindungi satu sama lain,Seluruh Lombok,-8.5650,116.3510,Terawat
137,Motif Tenun Songket,Motif Jaring Laba-laba,Garis halus bersambung simetris dari titik tengah,Kerja cerdas teliti & sabar menunggu hasil yang pasti,Seluruh Lombok,-8.5650,116.3510,Rusak Berat
138,Motif Tenun Songket,Motif Embun Pagi,Titik bulat kecil tersebar merata di seluruh bidang,Berkah Tuhan yang datang halus tak terduga di pagi hari,Seluruh Lombok,-8.5650,116.3510,Terawat
139,Motif Tenun Songket,Motif Sayap Garuda,Bentuk besar melebar simetris kiri kanan,Kekuatan negara & kebanggaan menjadi bangsa yang besar,Seluruh Lombok,-8.5650,116.3510,Tidak Terawat
140,Motif Tenun Songket,Motif Bunga Mawar Merah,Lima kelopak melengkung indah berduri di tangkai,Cinta yang indah namun harus dijaga dengan kesungguhan hati,Seluruh Lombok,-8.5650,116.3510,Terawat
141,Motif Tenun Songket,Motif Tangga Naik,Garis bertingkat naik berurutan ke kanan atas,Proses kehidupan yang makin lama makin baik & berkah,Seluruh Lombok,-8.5650,116.3510,Terawat
142,Motif Tenun Songket,Motif Gigi Gergaji,Garis runcing berjejer tajam menghadap satu arah,Ketegasan pendirian & batas tegas antara benar salah,Seluruh Lombok,-8.5650,116.3510,Rusak Berat
143,Motif Tenun Songket,Motif Awan Putih Bersih,Bentuk lengkung lembut tanpa sudut tajam,Hati yang bersih & pikiran yang selalu damai menyejukkan,Seluruh Lombok,-8.5650,116.3510,Terawat
144,Motif Tenun Songket,Motif Ikan Lele,Bentuk panjang pipih berkumis dua ke kiri kanan,Ketabahan hidup di tempat sulit & tetap bertahan hidup,Seluruh Lombok,-8.5650,116.3510,Rusak Berat
145,Motif Tenun Songket,Motif Bunga Kamboja,Tujuh kelopak lebar tersusun melingkar sempurna,Kesucian roh & doa yang selalu terangkat ke langit,Seluruh Lombok,-8.5650,116.3510,Tidak Terawat
146,Motif Tenun Songket,Motif Ranting Berduri,Garis memanjang runcing keluar ke samping,Peringatan agar berhati-hati bertindak & berucap,Seluruh Lombok,-8.5650,116.3510,Rusak Berat
147,Motif Tenun Songket,Motif Pelangi Tujuh Warna,Garis lengkung besar bertumpuk 7 warna beda,Kehidupan beragam rukun indah walau berbeda-beda,Seluruh Lombok,-8.5650,116.3510,Terawat
148,Motif Tenun Songket,Motif Telur Burung,Bentuk lonjong sempurna tanpa sudut tajam,Awal kehidupan baru & harapan akan masa depan cerah,Seluruh Lombok,-8.5650,116.3510,Tidak Terawat
149,Motif Tenun Songket,Motif Daun Sirih,Bentuk hati runcing di ujungnya,Keramahan menyapa & kesucian dalam upacara adat,Seluruh Lombok,-8.5650,116.3510,Terawat
150,Motif Tenun Songket,Motif Kapal Berlayar,Bentuk segitiga layar di atas badan kapal panjang,Perjuangan mengarungi samudra kehidupan penuh tantangan,Seluruh Lombok,-8.5650,116.3510,Tidak Terawat
151,Motif Tenun Songket,Motif Bunga Cempaka,Enam kelopak memanjang berwarna cerah,Kemuliaan akhlak & wangi nama baik sepanjang masa,Seluruh Lombok,-8.5650,116.3510,Terawat
152,Motif Tenun Songket,Motif Sarang Lebah,Bentuk heksagonal bersambung rapi tak ada celah,Kerjasama tim yang sangat rapi teratur & penuh manfaat,Seluruh Lombok,-8.5650,116.3510,Rusak Berat
153,Motif Tenun Songket,Motif Air Sungai Mengalir,Garis berkelok halus memanjang dari atas ke bawah,Kehidupan yang terus berjalan membawa manfaat ke mana saja,Seluruh Lombok,-8.5650,116.3510,Terawat
154,Motif Tenun Songket,Motif Bintang Jatuh,Garis miring panjang menyala ujung runcing,Rezeki tak terduga & momen langka yang harus disyukuri,Seluruh Lombok,-8.5650,116.3510,Rusak Berat
155,Motif Tenun Songket,Motif Daun Saga,Bentuk kecil bulat hati berjejer sangat banyak,Cinta murni tulus & kesetiaan yang tak terhitung jumlahnya,Seluruh Lombok,-8.5650,116.3510,Terawat
156,Motif Tenun Songket,Motif Gajah Duduk,Bentuk besar bulat kokoh kaki pendek,Kekuatan besar yang tetap rendah hati & tidak menyakiti,Seluruh Lombok,-8.5650,116.3510,Rusak Berat
157,Motif Tenun Songket,Motif Cahaya Bulan Purnama,Lingkaran sempurna terang merata seluruh sisi,Ketenangan malam & keutuhan hati keluarga yang bahagia,Seluruh Lombok,-8.5650,116.3510,Terawat
158,Motif Tenun Songket,Motif Ulat Kepompong,Bentuk lonjong tertutup rapat seluruh sisi,Proses pendewasaan diri sabar menuju perubahan indah,Seluruh Lombok,-8.5650,116.3510,Tidak Terawat
159,Motif Tenun Songket,Motif Bunga Asoka,Banyak kelopak kecil rapi membentuk kerucut,Kegembiraan hati & semangat membara menyambut kebaikan,Seluruh Lombok,-8.5650,116.3510,Terawat
160,Motif Tenun Songket,Motif Jembatan Gantung,Dua garis panjang melengkung dihubungkan garis pendek,Perantara penyambung dua pihak yang terpisah jarak & beda,Seluruh Lombok,-8.5650,116.3510,Rusak Berat
161,Motif Tenun Songket,Motif Embun Es,Titik kecil banyak bersudut tajam simetris,Kemurnian hati yang bebas dari segala niat buruk & kotor,Seluruh Lombok,-8.5650,116.3510,Tidak Terawat
162,Motif Tenun Songket,Motif Ikan Koi,Bentuk bulat panjang berenang tenang,Umur panjang keberuntungan & ketenangan batin abadi,Seluruh Lombok,-8.5650,116.3510,Tidak Terawat
163,Motif Tenun Songket,Motif Bunga Melati Putih,Lima kelopak putih bersih sempurna,Kesucian jiwa kesopanan & keramahan tulus dari hati,Seluruh Lombok,-8.5650,116.3510,Terawat
164,Motif Tenun Songket,Motif Awan Gelap Gulita,Bentuk gelap besar menutupi hampir seluruh bidang,Ujian hidup berat yang pasti akan berlalu diganti terang,Seluruh Lombok,-8.5650,116.3510,Rusak Berat
165,Motif Tenun Songket,Motif Daun Jati,Bentuk besar lebar ujung runcing,Keteguhan hati yang tak mudah goyah walau diterpa badai,Seluruh Lombok,-8.5650,116.3510,Terawat
166,Motif Tenun Songket,Motif Kaki Ayam,Tiga garis runcing memancar dari satu titik pusat,Dasar pendirian yang kokoh & langkah yang selalu pasti arahnya,Seluruh Lombok,-8.5650,116.3510,Rusak Berat
167,Kerajinan Tangan,Tenun Songket Sukarare,Kain tenun sutra benang emas perak motif khas Sasak,Wujud ketelatenan kearifan lokal bernilai tinggi pusaka,Desa Sukarare,-8.7619,116.2147,Terawat
168,Kerajinan Tangan,Gerabah Banyumulek,Barang tanah liat dibakar teknik tradisional turun-temurun,Kemandirian memanfaatkan alam untuk kebutuhan hidup,Banyumulek Lombok Barat,-8.6681,116.1669,Terawat
169,Kerajinan Tangan,Anyaman Bambu Sade,Perlengkapan rumah tangga dari bambu dikepang rapi,Memanfaatkan alam melimpah menjadi barang berguna indah,Desa Sade,-8.8394,116.2921,Terawat
170,Kerajinan Tangan,Ukiran Kayu Selaparang,Hiasan kayu motif alam & cerita sejarah kerajaan,Seni mengabadikan nilai sejarah dalam goresan tangan,Lombok Tengah,-8.7294,116.2264,Tidak Terawat
171,Kerajinan Tangan,Perhiasan Perak Pengadang,Perhiasan dari perak murni diukir halus motif khas,Kemewahan yang tetap membumi & bernilai seni tinggi,Pengadang Lombok Tengah,-8.7500,116.2500,Tidak Terawat
172,Kerajinan Tangan,Batik Sasak Motif Rinjani,Kain batik tulis cap corak alam khas pulau Lombok,Memperkenalkan identitas daerah lewat kain yang dipakai,Seluruh Lombok,-8.5650,116.3510,Terawat
173,Kerajinan Tangan,Topeng Kayu Lingsar,Topeng kayu keras berkarakter kisah Panji & leluhur,Media penyampaian cerita moral & hiburan rakyat,Lingsar Lombok Barat,-8.5758,116.1801,Tidak Terawat
174,Kerajinan Tangan,Alat Musik Gendang Beleq Buatan Tangan,Gendang besar dari kayu utuh & kulit kerbau asli,Karya seni fungsional pemersatu warga dalam irama,Lombok Timur,-8.3715,116.5258,Terawat
175,Kerajinan Tangan,Kipas Anyaman Daun Palem,Kipas tangan dari daun palem kering dianyam rapi,Kesejukan alami & kerajinan sederhana penuh manfaat,Seluruh Lombok,-8.5650,116.3510,Tidak Terawat
176,Kerajinan Tangan,Tas Anyaman Enceng Gondok,Tas dari serat tanaman air dikeringkan diolah halus,Upaya menjaga lingkungan jadi barang bernilai ekonomi,Seluruh Lombok,-8.5650,116.3510,Tidak Terawat
177,Kerajinan Tangan,Pahatan Batu Gunung Rinjani,Patung & hiasan dari batu alam sekitar kaki gunung,Mengangkat kekayaan alam jadi karya seni bermakna,Sembalun,-8.3598,116.5258,Rusak Berat
178,Kerajinan Tangan,Boneka Kain Perca Sasak,Boneka dari sisa kain songket dibentuk pakaian adat,Memperkenalkan budaya pada anak & mengurangi limbah,Seluruh Lombok,-8.5650,116.3510,Tidak Terawat
179,Kerajinan Tangan,Lilin Ukir Motif Adat,Hiasan lilin dibentuk motif khas dipakai upacara,Keindahan sementara yang mengajarkan hidup tak kekal abadi,Bayan Lombok Utara,-8.2666,116.4272,Rusak Berat
180,Kerajinan Tangan,Anyaman Daun Rumbia Atap & Wadah,Atap rumah & wadah makanan dari daun rumbia diolah,Bahan alami tahan lama ramah lingkungan warisan lama,Seluruh Lombok,-8.5650,116.3510,Terawat
181,Kerajinan Tangan,Keris Buatan Pandai Besi Tua,Senjata pusaka ditempa berulang kali dengan doa,Benda sakral simbol kehormatan & pelindung pemiliknya,Seluruh Lombok,-8.5650,116.3510,Tidak Terawat
182,Kerajinan Tangan,Hiasan Dinding Kulit Kerbau,Gambar pemandangan & upacara di atas kulit yang dihaluskan,Mengabadikan budaya pada media unik tahan puluhan tahun,Desa Rambitan,-8.8452,116.3058,Rusak Berat
183,Kerajinan Tangan,Sabut Kelapa Diolah Sikat & Keset,Barang fungsional dari limbah sabut kelapa diolah rapi,Mengubah sampah alam menjadi barang berguna bernilai,Seluruh Lombok,-8.5650,116.3510,Tidak Terawat
184,Kerajinan Tangan,Tenun Ikat Endek Lombok,Kain tenun ikat bermotif cerah teknik khas tersendiri,Identitas busana sehari-hari yang tetap bernilai seni tinggi,Seluruh Lombok,-8.5650,116.3510,Terawat
185,Kerajinan Tangan,Patung Kayu Cendana Wangi,Patung kecil dari kayu cendana beraroma khas tahan lama,Karya seni bernilai tinggi & sarat makna spiritual,Seluruh Lombok,-8.5650,116.3510,Rusak Berat
186,Kerajinan Tangan,Tembikar Hias Motif Geometris,Pajangan tanah liat dihias corak khas Sasak sebelum bakar,Perpaduan fungsi guna & nilai estetika budaya asli,Banyumulek,-8.6681,116.1669,Tidak Terawat
187,Kerajinan Tangan,Anyaman Rotan Kursi & Perabot,Perabot rumah dari rotan alam dikepang kuat awet,Kekayaan alam hutan dimanfaatkan sehat & ramah alam,Seluruh Lombok,-8.5650,116.3510,Tidak Terawat
188,Kerajinan Tangan,Cap Batik Kayu Motif Adat,Alat cap dari kayu keras diukir motif khas untuk batik,Kunci keberagaman corak batik Lombok yang khas tak tertiru,Seluruh Lombok,-8.5650,116.3510,Rusak Berat
189,Kerajinan Tangan,Perhiasan Tembaga Ukir Kasar,Aksesoris dari tembaga tanpa pelapisan diukir tegas,Kesederhanaan yang tetap memancarkan karakter kuat khas,Seluruh Lombok,-8.5650,116.3510,Rusak Berat
190,Kerajinan Tangan,Kotak Penyimpanan Kayu Ukir,Kotak dari kayu utuh dihias ukiran halus di seluruh sisi,Wadah menyimpan benda pusaka & barang berharga keluarga,Desa Sukarare,-8.7619,116.2147,Tidak Terawat
191,Makanan & Kue Tradisional,Ayam Taliwang,Ayam bakar bumbu cabai bawang terasi rempah sangat pedas,Makanan kebanggaan lambang semangat & keberanian,Taliwang Lombok Barat,-8.7167,116.1167,Terawat
192,Makanan & Kue Tradisional,Plecing Kangkung,Kangkung rebus sambal tomat pedas parutan kelapa,Pendamping segar pola makan sederhana berbasis alam,Seluruh Lombok,-8.5650,116.3510,Terawat
193,Makanan & Kue Tradisional,Sate Bulayak,Sate daging lontong serat halus kuah gulai kental,Lahir dari budaya gotong royong saat hajatan & panen raya,Lombok Tengah,-8.7903,116.2533,Terawat
194,Makanan & Kue Tradisional,Beberuk Terong,Terong bakar diulek cabai bawang tomat garam,Makanan pendamping murah meriah kaya rasa khas pedas,Seluruh Lombok,-8.5650,116.3510,Terawat
195,Makanan & Kue Tradisional,Nasi Balap Puyung,Nasi putih lauk ayam suwir pedas kering dibungkus daun,Makanan cepat praktis warisan leluhur zaman perang,Desa Puyung,-8.7281,116.2419,Terawat
196,Makanan & Kue Tradisional,Rujak Cingur Sasak,Irisan daging sapi & sayur bumbu kacang pedas manis,Akulturasi budaya Jawa yang sudah menjadi milik sendiri,Kota Mataram,-8.5833,116.1167,Tidak Terawat
197,Makanan & Kue Tradisional,Kulit Sapi Tongseng Lombok,Irisan kulit sapi dimasak bumbu kuning pedas kuah kental,Makanan penghangat badan & simbol kebersamaan makan,Lombok Timur,-8.3715,116.5258,Terawat
198,Makanan & Kue Tradisional,Ikan Tanjung Luar Bakar,Ikan laut segar bakar bumbu kuning & sambal dabu-dabu,Rasa syukur atas kekayaan laut yang melimpah ruah,Tanjung Luar Lombok Timur,-8.8069,116.6119,Terawat
199,Makanan & Kue Tradisional,Kue Jaje Monggo,Kue beras kukus manis gurih dibungkus daun pisang,Hidangan wajib saat syukuran & pertemuan adat warga,Seluruh Lombok,-8.5650,116.3510,Terawat
200,Makanan & Kue Tradisional,Kue Klepon Sasak,Bola ketan isi gula merah gulung parutan kelapa segar,Simbol kebahagiaan yang manis di dalam sederhana luarnya,Seluruh Lombok,-8.5650,116.3510,Terawat
201,Makanan & Kue Tradisional,Kue Lapis Tepung Beras,Kue berlapis-lapis warna-warni kukus bertahap,Kesabaran proses & keindahan dari keragaman yang rapi,Seluruh Lombok,-8.5650,116.3510,Terawat
202,Makanan & Kue Tradisional,Kue Serabi Kelapa,Pancake kecil dari tepung beras santan dimasak tanah liat,Makanan pagi warisan turun-temurun rasa alami khas,Seluruh Lombok,-8.5650,116.3510,Tidak Terawat
203,Makanan & Kue Tradisional,Kue Bika Ambon Sasak,Kue berongga besar wangi daun pandan & santan kental,Perpaduan budaya luar yang sudah beradaptasi sempurna lokal,Kota Mataram,-8.5833,116.1167,Tidak Terawat
204,Makanan & Kue Tradisional,Kue Dadar Gulung Isi Kelapa,Lempeng tipis hijau gulung isi kelapa gula merah,Manis lembut & warna alami dari daun pandan segar,Seluruh Lombok,-8.5650,116.3510,Terawat
205,Makanan & Kue Tradisional,Kue Cenil,Ketel berwarna-warni kenyal dilumuri parutan kelapa gula,Kegembiraan masa kecil & warna-warni kehidupan sederhana,Seluruh Lombok,-8.5650,116.3510,Terawat
206,Makanan & Kue Tradisional,Kue Getuk Lindri,Ketela pohon ditumbuk halus berlapis rasa manis gurih,Mengolah bahan pangan murah jadi hidangan istimewa,Seluruh Lombok,-8.5650,116.3510,Tidak Terawat
207,Makanan & Kue Tradisional,Kue Onde-Onde Lombok,Bola tepung ketan isi gula merah luar biji wijen,Makanan pembawa keberuntungan saat hari besar keagamaan,Seluruh Lombok,-8.5650,116.3510,Terawat
208,Makanan & Kue Tradisional,Kue Apem Beras,Kue kembang dari tepung beras ragi manis gurih,Sajian syukuran selesai panen & doa keselamatan desa,Seluruh Lombok,-8.5650,116.3510,Terawat
209,Makanan & Kue Tradisional,Kue Sagon Kelapa,Keringan dari kelapa parut sangrai tepung gula manis,Tahan lama dibawa bepergian zaman jalan kaki jauh,Seluruh Lombok,-8.5650,116.3510,Tidak Terawat
210,Makanan & Kue Tradisional,Kue Putu Mayang,Benang-benang tepung beras disiram kuah gula merah cair,Bentuk unik halus & rasa manis segar khas nusantara,Seluruh Lombok,-8.5650,116.3510,Tidak Terawat
211,Makanan & Kue Tradisional,Sate Rembige,Sate daging sapi bumbu kacang pedas khas Lombok Barat,Identitas kuliner khas daerah barat yang sangat dicari orang,Lombok Barat,-8.7167,116.1167,Terawat
212,Makanan & Kue Tradisional,Pelecing Kacang Panjang,Kacang panjang rebus sambal tomat pedas kelapa parut,Variasi plecing memanfaatkan sayur kebun sendiri segar,Seluruh Lombok,-8.5650,116.3510,Terawat
213,Makanan & Kue Tradisional,Gulai Kambing Sembalun,Gulai kental rempah kuat daging kambing pegunungan,Penghangat badan di daerah dingin kaki Gunung Rinjani,Sembalun,-8.3598,116.5258,Terawat
214,Makanan & Kue Tradisional,Ikan Asap Tanjung,Ikan diawetkan cara asap kayu tahan berbulan-bulan,Teknik pengawetan makanan warisan leluhur nelayan,Tanjung Luar,-8.8069,116.6119,Tidak Terawat
215,Makanan & Kue Tradisional,Tumis Pakis Hutan,Pakis muda ditumis bumbu bawang & terasi pedas,Makanan hutan gratis melimpah penuh gizi alami,Seluruh Lombok,-8.5650,116.3510,Terawat
216,Makanan & Kue Tradisional,Kue Kue Kering Kacang Tanah,Keringan dari kacang tanah sangrai gula tepung terigu,Hidangan tamu saat hari raya Idul Fitri keluarga besar,Seluruh Lombok,-8.5650,116.3510,Terawat
217,Makanan & Kue Tradisional,Kue Lemper Ayam,Ketel dibungkus daun pisang isi suwir ayam bumbu,Makanan padat praktis dibawa kerja ke ladang atau sawah,Seluruh Lombok,-8.5650,116.3510,Terawat
218,Makanan & Kue Tradisional,Kue Arem-arem Daging,Nasi bumbu kuning gulung daun isi daging & sayur,Makanan serba ada gizi lengkap warisan zaman dahulu,Seluruh Lombok,-8.5650,116.3510,Terawat
219,Makanan & Kue Tradisional,Bubur Pedas Lombok,Bubur nasi kuah kuning pedas banyak sayuran lauk,Makanan buka puasa & doa arwah keluarga yang mendahului,Seluruh Lombok,-8.5650,116.3510,Terawat
220,Makanan & Kue Tradisional,Es Kelapa Muda Jeruk Nipis,Minuman segar daging kelapa muda air jeruk nipis gula,Penghilang dahaga alami paling ampuh di panas terik,Seluruh Lombok,-8.5650,116.3510,Terawat
221,Makanan & Kue Tradisional,Es Gula Merah Jahe,Minuman hangat jahe gula merah santan sedikit wangi,Minuman kesehatan warisan menghangatkan badan & tenggorokan,Seluruh Lombok,-8.5650,116.3510,Terawat
222,Makanan & Kue Tradisional,Kopi Rarobang,Kopi dicampur jahe gula merah kacang hijau & telur,Minuman tenaga khas Lombok Timur sudah ada ratusan tahun,Lombok Timur,-8.3715,116.5258,Terawat
223,Makanan & Kue Tradisional,Cuka Buah Asam Jawa,Minuman asam manis segar dari buah asam jawa tua,Minuman kesehatan pencernaan alami tanpa bahan pengawet,Seluruh Lombok,-8.5650,116.3510,Tidak Terawat
224,Makanan & Kue Tradisional,Kue Dodol Kelapa,Makanan kenyal sangat manis dimasak berjam-jam santan,Ketabahan & kesungguhan dalam mengerjakan sesuatu sampai jadi,Seluruh Lombok,-8.5650,116.3510,Tidak Terawat
225,Makanan & Kue Tradisional,Kue Injin,Ketan hitam kukus kelapa parut gula merah di atasnya,Makanan tradisional kaya zat besi & energi tahan lama,Seluruh Lombok,-8.5650,116.3510,Tidak Terawat
226,Makanan & Kue Tradisional,Kue Lupis,Ketan dibungkus daun pisang segitiga kukus matang,Sajian syukuran melambangkan kesatuan hati yang kokoh,Seluruh Lombok,-8.5650,116.3510,Terawat
227,Makanan & Kue Tradisional,Kue Talam,Kue dua lapis bawah putih atas hijau atau merah,Perbedaan yang tetap bersatu & indah jika disatukan,Seluruh Lombok,-8.5650,116.3510,Terawat
228,Makanan & Kue Tradisional,Kue Pukis,Kue adonan ragi dimasak cetakan setengah bola berongga,Makanan rakyat murah meriah disukai semua kalangan umur,Seluruh Lombok,-8.5650,116.3510,Tidak Terawat
229,Makanan & Kue Tradisional,Kue Wajik Ketan,Ketan dimasak gula merah santan wangi daun pandan cetak belah ketupat,Makanan wajib hajatan melambangkan ikatan yang manis & kuat,Seluruh Lombok,-8.5650,116.3510,Terawat
230,Makanan & Kue Tradisional,Kue Rangi,Kue tepung kanji kelapa parut bakar wangi semerbak,Makanan zaman dulu dijual keliling desa bunyi gendang kecil,Seluruh Lombok,-8.5650,116.3510,Rusak Berat
231,Makanan & Kue Tradisional,Kue Sumping,Kue beras dibungkus janur kelapa memanjang runcing,Sajian pelengkap upacara adat & doa keselamatan jiwa,Seluruh Lombok,-8.5650,116.3510,Tidak Terawat
232,Makanan & Kue Tradisional,Kue Bakpia Kacang Hijau,Pastel kecil isi kacang hijau gula kulit tipis renyah,Akulturasi budaya Tionghoa yang sudah jadi milik daerah,Kota Mataram,-8.5833,116.1167,Tidak Terawat
233,Makanan & Kue Tradisional,Kue Kembang Goyang,Kue adonan dicelup cetakan bunga goreng kering renyah,Bentuk seperti bunga bergoyang & simbol kebahagiaan,Seluruh Lombok,-8.5650,116.3510,Terawat
234,Makanan & Kue Tradisional,Kue Kastengel Keju,Kue kering asin gurih dari tepung terigu & keju asli,Pengaruh budaya Eropa yang sudah diadaptasi selera lokal,Kota Mataram,-8.5833,116.1167,Tidak Terawat
235,Makanan & Kue Tradisional,Kue Semprong Gulung,Kue sangat tipis digulung panas renyah isi gula atau cokelat,Ketelatenan tinggi membuatnya & kelezatan yang tak lekang waktu,Seluruh Lombok,-8.5650,116.3510,Tidak Terawat
236,Makanan & Kue Tradisional,Kue Sus Kering,Kue berongga isi krim manis gurih dimakan dingin,Pengaruh luar negeri yang kini jadi suguhan hari raya umum,Seluruh Lombok,-8.5650,116.3510,Rusak Berat
237,Makanan & Kue Tradisional,Kue Bagea,Kue kering dari sagu & kelapa sangat keras tahan lama,Makanan bekal pelaut zaman dulu berbulan tidak basi,Seluruh Lombok,-8.5650,116.3510,Rusak Berat
238,Upacara Adat & Ritual,Bau Nyale,Menangkap cacing laut bulan 10 kalender Sasak di pantai,Penghormatan Putri Mandalika & syukur alam,Pantai Seger Kuta,-8.8983,116.3050,Terawat
239,Upacara Adat & Ritual,Merarik,Lelaki membawa lari calon istri ke tempat aman sebagai tanda serius,Kesungguhan meminang & penghormatan orang tua,Seluruh Lombok,-8.5650,116.3510,Terawat
240,Upacara Adat & Ritual,Besan,Prosesi saling kenal & musyawarah dua keluarga sebelum nikah,Musyawarah mufakat menyatukan dua keluarga besar,Seluruh Lombok,-8.5650,116.3510,Terawat
241,Upacara Adat & Ritual,Nyongkolan,Pengantin keliling desa diarak kelompok warga iringan gendang,Memperkenalkan pengantin baru & doa restu warga,Seluruh Lombok,-8.5650,116.3510,Terawat
242,Upacara Adat & Ritual,Perang Topeng Lingsar,Pertunjukan tarung bertopeng antar kelompok di pura,Kerukunan Hindu & Islam Wetu Telu dalam satu acara,Lingsar Lombok Barat,-8.5758,116.1801,Terawat
243,Upacara Adat & Ritual,Rasulan,Syukuran kelahiran anak dibacakan shalawat & doa bersama,Mohon keselamatan & perlindungan Tuhan bagi anak baru,Seluruh Lombok,-8.5650,116.3510,Terawat
244,Upacara Adat & Ritual,Tasyukuran Panen Raya,Warga berkumpul makan bersama hasil bumi diletakkan meja memanjang,Rasa syukur kepada Tuhan atas hasil panen melimpah,Sembalun,-8.3598,116.5258,Terawat
245,Upacara Adat & Ritual,Bersih Desa,Ritual tolak bala seluruh warga bersama doa & makan bersama,Memohon desa dijauhkan dari wabah bencana & marabahaya,Seluruh Lombok,-8.5650,116.3510,Terawat
246,Upacara Adat & Ritual,Sesaji Gunung Rinjani,Pemberian sesaji di puncak atau kaki gunung oleh tetua adat,Penghormatan roh leluhur & penjaga alam gunung suci,Kaki Rinjani,-8.4100,116.4600,Tidak Terawat
247,Upacara Adat & Ritual,Maulid Nabi Bayan,Peringatan kelahiran Nabi dibaca berzanji adat khas berhari-hari,Penyebaran Islam tertua & pemersatu warga sepanjang masa,Bayan Lombok Utara,-8.2666,116.4272,Terawat
248,Upacara Adat & Ritual,Ngalangi,Ritual sunatan anak laki-laki diiringi adat & gendang beleq,Tanda kedewasaan & kewajiban agama yang mulai dipikul,Seluruh Lombok,-8.5650,116.3510,Terawat
249,Upacara Adat & Ritual,Tolak Bala Sebelum Musim Hujan,Doa bersama di batas desa & tepi sungai saat mau hujan lebat,Memohon agar terhindar dari banjir longsor & angin kencang,Seluruh Lombok,-8.5650,116.3510,Tidak Terawat
250,Upacara Adat & Ritual,Siraman Pengantin Wanita,Mandi bunga air mawar & rempah-rempah harum sebelum nikah,Membersihkan lahir batin & menyucikan diri memasuki hidup baru,Seluruh Lombok,-8.5650,116.3510,Terawat
251,Upacara Adat & Ritual,Pasang Sasak di Kepala Pengantin,Ikat kain songket khas di kepala kedua mempelai,Tanda resmi sudah berstatus suami istri secara adat,Seluruh Lombok,-8.5650,116.3510,Terawat
252,Upacara Adat & Ritual,Makan Beradab Berjejer Panjang,Makan bersama satu nampan besar duduk bersila berjejer,Kesetaraan & kebersamaan antar warga tanpa membedakan derajat,Seluruh Lombok,-8.5650,116.3510,Terawat
253,Upacara Adat & Ritual,Ziarah Makam Wali Bayan,Berkunjung ke makam penyebar Islam pertama di Lombok secara bersama,Mengingat jasa leluhur & mempererat tali persaudaraan,Bayan Lombok Utara,-8.2666,116.4272,Terawat
254,Upacara Adat & Ritual,Upacara Wetu Telu Tiga Waktu,Ibadah khusus penganut Islam Wetu Telu tiga waktu sehari semalam,Akulturasi Islam & kepercayaan asli yang unik khas Lombok,Bayan Sembalun,-8.3100,116.4400,Tidak Terawat
255,Upacara Adat & Ritual,Pelepasan Kepala Sapi Saat Panen,Arak-arakan sapi dihias kain songket keliling desa lalu dilepas,Rasa terima kasih pada hewan yang sudah membantu kerja berat,Sembalun,-8.3598,116.5258,Tidak Terawat
256,Upacara Adat & Ritual,Doa Bersama Di Berugak,Warga berkumpul di berugak dipimpin tetua baca doa bersama,Pusat kegiatan kerohanian warga tanpa membedakan latar belakang,Seluruh Lombok,-8.5650,116.3510,Terawat
257,Upacara Adat & Ritual,Pengambilan Air Suci Narmada,Mengambil air dari sumber khusus di Taman Narmada saat upacara raja,Air suci penyucian diri & simbol kesuburan tanah kerajaan,Narmada,-8.5750,116.1500,Tidak Terawat
258,Upacara Adat & Ritual,Pemakaman Adat Sasak,Prosesi penguburan dengan tata cara khusus adat setempat,Penghormatan terakhir & doa agar arwah tenang di sisi Tuhan,Seluruh Lombok,-8.5650,116.3510,Terawat
259,Upacara Adat & Ritual,Syukuran Turun Sawah,Doa bersama sebelum mulai mengolah tanah menanam padi,Memohon agar tanaman tumbuh subur terhindar hama & gagal,Seluruh Lombok,-8.5650,116.3510,Terawat
260,Upacara Adat & Ritual,Upacara Ganti Rugi Alam,Memberi sesaji ke sungai hutan & laut sebelum mengambil hasil alam,Pengakuan bahwa alam milik Tuhan manusia hanya mengelola,Seluruh Lombok,-8.5650,116.3510,Rusak Berat
261,Upacara Adat & Ritual,Seren Taun Sasak,Syukuran akhir panen padi diadakan setahun sekali secara besar-besaran,Puncak rasa syukur tahunan & doa tahun depan lebih baik,Sembalun,-8.3598,116.5258,Tidak Terawat
262,Upacara Adat & Ritual,Upacara Penobatan Kepala Adat,Serangkaian prosesi panjang mengangkat pemimpin adat baru,Pengesahan pemimpin baru secara sah di mata adat & warga,Seluruh Lombok,-8.5650,116.3510,Tidak Terawat
263,Upacara Adat & Ritual,Mandi Bersama Di Sumber Air Suci,Warga mandi bersama di mata air tertentu pada hari khusus adat,Penyucian lahir batin dari segala dosa & kesalahan masa lalu,Bayan,-8.2666,116.4272,Rusak Berat
264,Upacara Adat & Ritual,Arak-arakan Pusaka Keliling Desa,Benda pusaka diarak keliling desa diiringi gendang & warga,Menanamkan rasa memiliki warisan leluhur & rasa bangga,Seluruh Lombok,-8.5650,116.3510,Tidak Terawat
265,Upacara Adat & Ritual,Pemberian Nama Bayi 7 Hari,Upacara pemberian nama resmi saat bayi genap berusia 7 hari,Doa agar anak tumbuh sehat cerdas & berakhlak mulia kelak,Seluruh Lombok,-8.5650,116.3510,Terawat
266,Upacara Adat & Ritual,Pertemuan Tahunan Warga Sembalun,Kumpul besar seluruh warga bahas masalah desa & rencana tahun depan,Demokrasi murni musyawarah dari & untuk warga desa,Sembalun,-8.3598,116.5258,Terawat
267,Upacara Adat & Ritual,Upacara Tolak Angin Ribut,Doa khusus di keempat penjuru mata angin desa saat angin kencang,Memohon kekuatan alam tidak merusak rumah & tanaman warga,Seluruh Lombok,-8.5650,116.3510,Rusak Berat
268,Upacara Adat & Ritual,Khatam Al-Quran Bersama Adat,Acara khataman diiringi rebana & hidangan khas adat setempat,Puncak kebahagiaan anak sudah tuntas membaca Al-Quran 30 juz,Seluruh Lombok,-8.5650,116.3510,Terawat
269,Upacara Adat & Ritual,Upacara Minta Hujan Kering Panjang,Warga berpuasa & berdoa bersama di lapangan terbuka saat kemarau panjang,Memohon rahmat hujan turun agar tanah kembali subur,Seluruh Lombok,-8.5650,116.3510,Rusak Berat
270,Upacara Adat & Ritual,Pengucapan Janji Adat Antar Keluarga,Ikatan sumpah saksi di hadapan tetua & benda pusaka desa,Ikatan yang lebih kuat dari sekadar perjanjian biasa tertulis,Seluruh Lombok,-8.5650,116.3510,Tidak Terawat
271,Upacara Adat & Ritual,Ziarah Bersama Makam Leluhur,Seluruh keluarga besar ziarah makam leluhur serentak di hari tertentu,Mengingat jasa & mendoakan arwah agar ditempatkan di tempat mulia,Seluruh Lombok,-8.5650,116.3510,Terawat
272,Upacara Adat & Ritual,Upacara Penutupan Musim Laut,Nelayan berhenti melaut & berdoa bersama di pinggir pantai,Istirahatkan laut berkembang biak & syukur hasil setahun,Tanjung Luar,-8.8069,116.6119,Tidak Terawat
273,Upacara Adat & Ritual,Upacara Pembukaan Musim Laut,Doa bersama sebelum kembali melaut setelah masa istirahat selesai,Memohon keselamatan di laut & hasil tangkapan yang melimpah ruah,Tanjung Luar,-8.8069,116.6119,Terawat
274,Upacara Adat & Ritual,Upacara Adat Waktu Duka,Serangkaian tata cara 3,7,40,100 & 1000 hari orang meninggal,Membimbing arwah & menguatkan keluarga yang ditinggalkan,Seluruh Lombok,-8.5650,116.3510,Terawat
275,Upacara Adat & Ritual,Upacara Penyucian Benda Pusaka,Mencuci & merawat benda pusaka dengan tata cara khusus doa panjang,Menjaga kesucian benda sakral & kekuatan yang menyertainya,Seluruh Lombok,-8.5650,116.3510,Tidak Terawat
276,Upacara Adat & Ritual,Upacara Minta Maaf Saling Jelang Idul Fitri,Saling bersalaman memaafkan antar tetangga & kerabat jauh dekat,Membersihkan hati kembali suci menyambut hari kemenangan,Seluruh Lombok,-8.5650,116.3510,Terawat
277,Upacara Adat & Ritual,Upacara Adat Melepas Jenazah,Prosesi mengantar jenazah dari rumah ke pemakaman dengan tertib,Penghormatan terakhir & bukti kasih sayang sesama manusia,Seluruh Lombok,-8.5650,116.3510,Terawat
278,Upacara Adat & Ritual,Upacara Adat Menyambut Tamu Agung,Penyambutan lengkap tari gendang beleq siram air bunga & sesaji,Ungkapan penghargaan setinggi-tingginya kepada tamu kehormatan,Seluruh Lombok,-8.5650,116.3510,Terawat
279,Upacara Adat & Ritual,Upacara Larangan Mendaki Gunung,Pengumuman adat waktu tertentu dilarang mendaki Rinjani,Hormati waktu sakral alam & menjaga keselamatan pendaki,Gunung Rinjani,-8.4100,116.4600,Tidak Terawat
280,Upacara Adat & Ritual,Upacara Syukuran Nelayan Baru,Nelayan muda baru pertama kali melaut diarak & didoakan warga,Pengukuhan resmi jadi nelayan penuh & doa keselamatan selalu,Tanjung Luar,-8.8069,116.6119,Rusak Berat
281,Upacara Adat & Ritual,Upacara Adat Memohon Kesembuhan,Ritual doa tetua adat & pengobatan cara leluhur bagi orang sakit parah,Usaha lahir batin memohon kesembuhan dari Sang Pencipta,Seluruh Lombok,-8.5650,116.3510,Rusak Berat
282,Upacara Adat & Ritual,Upacara Adat Peringatan 1 Abad Peristiwa Penting,Kumpul besar catat sejarah & doa bersama peristiwa besar 100 tahun,Mengenang sejarah agar tidak terulang kesalahan masa lalu,Seluruh Lombok,-8.5650,116.3510,Tidak Terawat
283,Lagu & Tembang Daerah,Lagu Anak Genjer-genjer,Lagu rakyat Lombok tentang kehidupan anak desa di sawah,Mengenalkan alam & kerja keras sejak usia sangat dini,Seluruh Lombok,-8.5650,116.3510,Terawat
284,Lagu & Tembang Daerah,Lagu Rinjani Gunung Agung,Lagu pujian terhadap keagungan Gunung Rinjani pusat alam,Rasa cinta hormat & bangga memiliki gunung suci terindah,Seluruh Lombok,-8.5650,116.3510,Terawat
285,Lagu & Tembang Daerah,Lagu Mandalika Putri Laut,Lagu kisah Putri Mandalika yang rela jadi cacing laut,Kesetiaan cinta & pengorbanan diri demi kebenaran abadi,Kuta Lombok Tengah,-8.8983,116.3050,Terawat
286,Lagu & Tembang Daerah,Lagu Gendang Beleq Bergema,Lagu irama pukulan gendang besar yang membangkitkan semangat juang,Membangkitkan semangat kebersamaan & kegagahan warga,Lombok Timur,-8.3715,116.5258,Terawat
287,Lagu & Tembang Daerah,Lagu Sasak Basa Lokal,Lagu dinyanyikan penuh Bahasa Sasak murni tak ada campuran,Menjaga kemurnian bahasa ibu agar tak punah ditelan zaman,Seluruh Lombok,-8.5650,116.3510,Terawat
288,Lagu & Tembang Daerah,Lagu Nelayan Tanjung Luar,Lagu tentang suka duka nelayan berjuang di tengah laut luas,Menggambarkan ketabahan & resiko pekerjaan mencari nafkah,Tanjung Luar,-8.8069,116.6119,Tidak Terawat
289,Lagu & Tembang Daerah,Lagu Petani Sembalun,Lagu irama lambat tentang kerja keras petani di kaki gunung dingin,Penghargaan setinggi-tingginya pada petani penyedia pangan,Sembalun,-8.3598,116.5258,Tidak Terawat
290,Lagu & Tembang Daerah,Lagu Cinta Rindu Sasak,Lagu ungkapan hati rindu kekasih yang merantau jauh dari kampung,Perasaan mendalam manusia yang universal dibungkus bahasa daerah,Seluruh Lombok,-8.5650,116.3510,Terawat
291,Lagu & Tembang Daerah,Lagu Syukuran Panen Raya,Lagu riang gembira dinyanyikan bergantian kelompok pria wanita,Rasa bahagia syukur atas limpahan rezeki Tuhan Yang Maha Kuasa,Seluruh Lombok,-8.5650,116.3510,Terawat
292,Lagu & Tembang Daerah,Lagu Nasihat Leluhur,Lagu berisi pesan moral hidup baik dari tetua zaman dahulu,Media penyampaian ajaran lisan agar terus diingat turunan,Seluruh Lombok,-8.5650,116.3510,Rusak Berat
293,Lagu & Tembang Daerah,Lagu Perjuangan Selaparang,Lagu semangat perlawanan terhadap penjajah mempertahankan tanah air,Menanamkan jiwa patriotisme & cinta tanah air sejak kecil,Lombok Tengah,-8.7294,116.2264,Tidak Terawat
294,Lagu & Tembang Daerah,Lagu Kerukunan Lingsar,Lagu tentang hidup berdampingan damai beda agama & keyakinan,Pesan abadi kerukunan adalah kekuatan terbesar bangsa,Lingsar Lombok Barat,-8.5758,116.1801,Terawat
295,Lagu & Tembang Daerah,Lagu Bayan Negeri Seribu Masjid,Lagu pujian pada Bayan pusat penyebaran agama Islam pertama,Rasa bangga sejarah Islam yang sudah berakar ratusan tahun silam,Bayan Lombok Utara,-8.2666,116.4272,Terawat
296,Lagu & Tembang Daerah,Lagu Pantai Seger Indah,Lagu gambaran keindahan pantai tempat upacara Bau Nyale setiap tahun,Memperkenalkan keindahan alam sekaligus nilai budaya setempat,Kuta,-8.8983,116.3050,Tidak Terawat
297,Lagu & Tembang Daerah,Lagu Tenun Sukarare,Lagu tentang kesabaran & ketelatenan penenun songket berbulan-bulan,Penghargaan pada karya seni tangan yang bernilai sangat tinggi,Sukarare,-8.7619,116.2147,Terawat
298,Lagu & Tembang Daerah,Lagu Anak Kucing Meong-meong,Lagu permainan anak-anak irama pendek mudah diingat & diulang,Media pengenalan bahasa & irama musik sejak usia dini sekali,Seluruh Lombok,-8.5650,116.3510,Terawat
299,Lagu & Tembang Daerah,Lagu Rebana Ubi Berdentang,Lagu irama pukulan rebana besar berisi shalawat & pujian,Akulturasi budaya Islam & seni musik tradisional yang indah,Lombok Timur,-8.3715,116.5258,Tidak Terawat
300,Lagu & Tembang Daerah,Lagu Kisah Cupak Gerantang,Lagu panjang berisi cerita rakyat dua saudara berbeda watak,Pendidikan moral lewat cerita yang mudah diingat & dicerna,Seluruh Lombok,-8.5650,116.3510,Rusak Berat
301,Lagu & Tembang Daerah,Lagu Selamat Datang Tamu,Lagu khusus dibawakan saat ada tamu datang dari jauh tempat,Ungkapan keramahan khas Sasak yang tulus dari hati sanubari,Seluruh Lombok,-8.5650,116.3510,Terawat
302,Lagu & Tembang Daerah,Lagu Perpisahan Sekolah,Lagu dinyanyikan saat perpisahan murid penuh haru & doa restu,Momen haru sekaligus penyemangat melangkah ke jenjang lebih tinggi,Seluruh Lombok,-8.5650,116.3510,Tidak Terawat
303,Lagu & Tembang Daerah,Lagu Alam Lombok Permai,Lagu gambaran lengkap keindahan alam seluruh penjuru pulau Lombok,Membangkitkan rasa cinta & tanggung jawab menjaga kelestarian alam,Seluruh Lombok,-8.5650,116.3510,Terawat
304,Lagu & Tembang Daerah,Lagu Doa Ibu,Lagu ungkapan terima kasih & pengorbanan seorang ibu seumur hidup,Pendidikan budi pekerti luhur menghormati orang tua selamanya,Seluruh Lombok,-8.5650,116.3510,Terawat
305,Seni Bela Diri & Permainan Tradisional,Pencak Silat Sasak,Bela diri khas gerakan cepat tangkas memanfaatkan tenaga lawan,Pertahanan diri disiplin fisik & mental kuat akhlak mulia,Seluruh Lombok,-8.5650,116.3510,Terawat
306,Seni Bela Diri & Permainan Tradisional,Betek,Melempar & menangkap batang kayu bergantian berpasangan atau kelompok,Melatih ketangkasan mata tangan kecepatan reaksi & kerjasama,Seluruh Lombok,-8.5650,116.3510,Terawat
307,Seni Bela Diri & Permainan Tradisional,Gaseng,Permainan dua orang memukul kayu kecil memantul memanjang,Melatih ketangkasan & kecepatan tangan reaksi cepat tanggap,Seluruh Lombok,-8.5650,116.3510,Tidak Terawat
308,Seni Bela Diri & Permainan Tradisional,Tarik Tambang Adat,Dua kelompok berlawanan menarik tali besar sampai batas garis,Melatih kekuatan fisik kerjasama kompak & semangat juang,Seluruh Lombok,-8.5650,116.3510,Terawat
309,Seni Bela Diri & Permainan Tradisional,Engklek Sasak,Lompat satu dua kaki di kotak-kotak digambar tanah,Melatih keseimbangan badan ketangkasan & strategi sederhana,Seluruh Lombok,-8.5650,116.3510,Terawat
310,Seni Bela Diri & Permainan Tradisional,Kelereng Sasak,Permainan bola tanah saling tembak & masukkan lubang,Melatih ketelitian kesabaran & hitungan jarak cermat,Seluruh Lombok,-8.5650,116.3510,Tidak Terawat
311,Seni Bela Diri & Permainan Tradisional,Bentengan,Dua kelompok jaga bentu & serang tangkap lawan aman di markas,Melatih kecepatan lari strategi & kerjasama tim yang solid,Seluruh Lombok,-8.5650,116.3510,Terawat
312,Seni Bela Diri & Permainan Tradisional,Congklak Sasak,Permainan hitung biji di lubang papan kayu 16 lubang,Melatih kecerdasan berhitung strategi & kesabaran tingkat tinggi,Seluruh Lombok,-8.5650,116.3510,Terawat
313,Seni Bela Diri & Permainan Tradisional,Ular Naga,Permainan berbaris panjang pegang bahu ular tangkap anak,Melatih kekompakan barisan kecepatan lari & kegembiraan massal,Seluruh Lombok,-8.5650,116.3510,Terawat
314,Seni Bela Diri & Permainan Tradisional,Lompat Tali Rotan,Berlompat melewati tali diputar dua orang dari bawah ke atas,Melatih ketangkasan kelincahan koordinasi tubuh & keberanian,Seluruh Lombok,-8.5650,116.3510,Tidak Terawat
315,Seni Bela Diri & Permainan Tradisional,Petak Umpet Tradisional,Satu cari yang lain sembunyi di tempat alam sekitar desa,Melatih kecerdikan mengamati lingkungan & kesabaran menunggu,Seluruh Lombok,-8.5650,116.3510,Tidak Terawat
316,Seni Bela Diri & Permainan Tradisional,Gobak Sodor,Lari melewati garis penjaga tanpa tersentuh tangan penjaga,Melatih kecepatan kelincahan & strategi menghindar cerdik,Seluruh Lombok,-8.5650,116.3510,Terawat
317,Seni Bela Diri & Permainan Tradisional,Bela Diri Kelewang,Penggunaan parang panjang khas Sasak untuk serang & bela diri,Keahlian khusus senjata khas warisan prajurit zaman kerajaan,Seluruh Lombok,-8.5650,116.3510,Rusak Berat
318,Seni Bela Diri & Permainan Tradisional,Bela Diri Tombak Sasak,Teknik memegang menusuk & menangkis serangan pakai tombak kayu besi,Seni perang jarak jauh & pertahanan wilayah leluhur,Seluruh Lombok,-8.5650,116.3510,Rusak Berat
319,Seni Bela Diri & Permainan Tradisional,Balap Karung Goni,Masuk badan ke dalam karung lalu lompat maju sampai garis akhir,Kegembiraan & mengajarkan bahwa hidup butuh usaha & kesabaran,Seluruh Lombok,-8.5650,116.3510,Terawat
320,Seni Bela Diri & Permainan Tradisional,Makan Kerupuk Tanpa Tangan,Kerupuk digantung tinggi dimakan cepat tanpa pakai tangan sama sekali,Kelucutan & kegembiraan sederhana tanpa biaya mahal,Seluruh Lombok,-8.5650,116.3510,Terawat
321,Istilah & Nilai Adat,Sasak Merarik,Inti pernikahan diawali membawa lari calon pengantin wanita,Kesungguhan hati & keberanian mempertanggungjawabkan cinta,Seluruh Lombok,-8.5650,116.3510,Terawat
322,Istilah & Nilai Adat,Wetu Telu,Aliran Islam lokal yang shalat 3 waktu sehari semalam,Akulturasi budaya unik warisan leluhur yang dijaga terus,Bayan Sembalun,-8.3100,116.4400,Tidak Terawat
323,Istilah & Nilai Adat,Gendang Beleq,Alat musik besar sekaligus sebutan kelompok pemusiknya,Simbol kegagahan persaudaraan & pemersatu warga paling kuat,Lombok Timur,-8.3715,116.5258,Terawat
324,Istilah & Nilai Adat,Bale Lumbung,Rumah adat tanpa paku atap rumbia tiang tinggi dari tanah,Filosofi hidup sederhana selaras alam & gotong royong abadi,Desa Sade,-8.8394,116.2921,Terawat
325,Istilah & Nilai Adat,Bau Nyale,Upacara menangkap cacing laut setiap bulan ke-10 kalender Sasak,Kesetiaan cinta pengorbanan diri & rasa syukur pada alam,Kuta,-8.8983,116.3050,Terawat
326,Istilah & Nilai Adat,Songket Sukarare,Kain tenun sutra emas perak warisan turun-temurun paling terkenal,Ketelatenan kesabaran & karya seni bernilai tinggi tak ternilai,Sukarare,-8.7619,116.2147,Terawat
327,Istilah & Nilai Adat,Rinjani,Gunung berapi aktif tertinggi di Nusa Tenggara tempat roh leluhur,Pusat alam spiritual & identitas utama seluruh masyarakat Lombok,Seluruh Lombok,-8.4100,116.4600,Terawat
328,Istilah & Nilai Adat,Mandalika,Putri legenda yang rela terjun ke laut jadi cacing laut selamanya,Simbol kesetiaan cinta sejati & pengorbanan diri yang tulus,Kuta,-8.8983,116.3050,Terawat
329,Istilah & Nilai Adat,Berugak,Bangun pertemuan beratap bulat tanpa dinding terbuka,Pusat kegiatan sosial agama musyawarah & pendidikan warga,Seluruh Lombok,-8.5650,116.3510,Tidak Terawat
330,Istilah & Nilai Adat,Nyongkolan,Arak-arakan pengantin keliling desa diiringi gendang & warga,Pengakuan resmi pernikahan di hadapan seluruh warga desa,Seluruh Lombok,-8.5650,116.3510,Terawat
331,Istilah & Nilai Adat,Selaparang,Nama kerajaan besar terakhir yang berkuasa di pulau Lombok zaman dulu,Saksi sejarah kejayaan & peradaban tinggi masa lampau,Lombok Tengah,-8.7294,116.2264,Tidak Terawat
332,Istilah & Nilai Adat,Bayan,Kawasan tertua pusat penyebaran agama Islam pertama di Lombok,Akar sejarah peradaban Islam yang tak tergantikan perannya,Bayan Lombok Utara,-8.2666,116.4272,Terawat
333,Istilah & Nilai Adat,Lingsar,Tempat suci umat Hindu & Islam Wetu Telu beribadah berdampingan,Contoh nyata kerukunan antar umat beragama terbaik dunia,Lingsar,-8.5758,116.1801,Terawat
334,Istilah & Nilai Adat,Banyumulek,Desa sentra gerabah tanah liat paling terkenal di seluruh Nusa Tenggara,Pusat kerajinan tanah liat yang tekniknya tak berubah ratusan tahun,Banyumulek,-8.6681,116.1669,Terawat
335,Desa & Situs Warisan Budaya,Desa Adat Sade,Desa Sasak asli rumah Bale Lumbung masih dihuni warga asli,Laboratorium hidup budaya Sasak paling utuh terjaga sampai kini,Desa Sade,-8.8394,116.2921,Terawat
336,Desa & Situs Warisan Budaya,Desa Adat Rambitan,Desa adat tua atap rumbia jalan tanah liat tata cara masih asli,Warisan arsitektur & tata hidup masyarakat tempo dulu nyata,Desa Rambitan,-8.8452,116.3058,Tidak Terawat
337,Desa & Situs Warisan Budaya,Desa Tenun Sukarare,Sentra tenun songket tertua teknik masih sama persis zaman dulu,Pusat pelestarian tenun songket warisan dunia dari Lombok,Sukarare,-8.7619,116.2147,Terawat
338,Desa & Situs Warisan Budaya,Desa Gerabah Banyumulek,Hampir seluruh warga mengerjakan gerabah tanah liat turun-temurun,Satu-satunya desa yang teknik pembuatannya tak berubah ratusan tahun,Banyumulek,-8.6681,116.1669,Terawat
339,Desa & Situs Warisan Budaya,Pura Lingsar,Kuil Hindu unik umat Islam Wetu Telu juga beribadah di dalamnya,Bukti kerukunan agama tertua & terjaga terus sampai hari ini,Lingsar,-8.5758,116.1801,Terawat
340,Desa & Situs Warisan Budaya,Masjid Kuno Bayan Beleq,Masjid kayu tanpa paku satu pun abad ke-16 masih dipakai shalat,Bukti fisik Islam masuk & berkembang damai di Nusa Tenggara,Bayan,-8.2666,116.4272,Terawat
341,Desa & Situs Warisan Budaya,Taman Narmada,Taman air kerajaan tiruan Danau Segara Anak Gunung Rinjani,Saksi kejayaan kerajaan & tempat ritual penyucian raja,Narmada,-8.5750,116.1500,Tidak Terawat
342,Desa & Situs Warisan Budaya,Taman Mayura,Kolam besar paviliun terapung bekas pengadilan kerajaan zaman dulu,Saksi sistem peradaban & diplomasi masa kerajaan Lombok,Cakranegara,-8.5897,116.1064,Terawat
343,Desa & Situs Warisan Budaya,Pura Meru Mataram,Kuil Hindu terbesar di Lombok 3 atap bertingkat corak Bali Sasak,Bukti akulturasi budaya Bali & Sasak berjalan damai berabad-abad,Cakranegara,-8.5892,116.1058,Terawat
344,Desa & Situs Warisan Budaya,Situs Kerajaan Selaparang,Sisa reruntuhan istana & pertahanan kerajaan terkuat Lombok dulu,Jejak fisik peradaban tinggi yang pernah berjaya di masa lalu,Praya,-8.7294,116.2264,Rusak Berat
345,Desa & Situs Warisan Budaya,Pantai Seger Bau Nyale,Lokasi utama upacara Bau Nyale menangkap cacing laut setahun sekali,Tempat sakral legenda Putri Mandalika yang dikenal sampai mancanegara,Kuta,-8.8983,116.3050,Terawat
346,Desa & Situs Warisan Budaya,Desa Adat Senaru,Desa kaki Rinjani pintu utama pendakian budaya Wetu Telu masih kental,Warisan budaya pegunungan yang hidup selaras alam hutan,Senaru,-8.3253,116.4642,Terawat
347,Desa & Situs Warisan Budaya,Desa Adat Sembalun,Daerah dataran tinggi kaki Rinjani lumbung padi & budaya Wetu Telu,Pusat pertanian & tradisi syukuran panen paling terjaga,Sembalun,-8.3598,116.5258,Terawat
348,Desa & Situs Warisan Budaya,Berugak Tua Bayan,Berugak tertua abad ke-16 tempat musyawarah & penyebaran agama,Bangun saksi sejarah Islam tertua yang masih berdiri kokoh,Bayan,-8.2666,116.4272,Tidak Terawat
349,Desa & Situs Warisan Budaya,Situs Batu Tulis Kuta,Batu bertulis aksara kuno zaman kerajaan Selaparang masih ada,Bukti tertulis sejarah peradaban & sistem tulis masyarakat Sasak,Kuta,-8.8900,116.3000,Rusak Berat
350,Desa & Situs Warisan Budaya,Desa Adat Puyung,Asal tarian Oncer & banyak kesenian lain diciptakan di sini,Pusat kesenian pertunjukan tradisional yang melahirkan banyak seniman,Puyung,-8.7281,116.2419,Tidak Terawat
351,Desa & Situs Warisan Budaya,Makam Wali Tujuh Bayan,Kompleks makam 7 ulama penyebar Islam pertama di seluruh Lombok,Tempat ziarah utama umat Islam dari berbagai penjuru nusantara,Bayan,-8.2666,116.4272,Terawat
352,Desa & Situs Warisan Budaya,Pantai Labuhan Haji,Pantai selatan tempat tradisi & pelabuhan haji zaman dulu berlayar,Saksi sejarah perjalanan ibadah & budaya maritim masyarakat,Labuhan Haji,-8.8531,116.5503,Tidak Terawat
353,Desa & Situs Warisan Budaya,Pelabuhan Kuno Tanjung Luar,Pelabuhan perdagangan & perikanan tertua beroperasi terus sampai kini,Saksi sejarah jalur niaga maritim Nusantara sejak berabad lalu,Tanjung Luar,-8.8069,116.6119,Tidak Terawat
354,Desa & Situs Warisan Budaya,Situs Benteng Pertahanan Cakranegara,Sisa dinding benteng pertahanan zaman perang melawan penjajah asing,Bukti semangat perjuangan mempertahankan kemerdekaan tanah air,Mataram,-8.5850,116.1080,Rusak Berat
355,Desa & Situs Warisan Budaya,Desa Wisata Budaya Kuta,Pusat upacara Bau Nyale & seni pertunjukan dikunjungi ribuan orang,Perpaduan pelestarian budaya & pariwisata yang saling menguatkan,Kuta,-8.8983,116.3050,Terawat
356,Desa & Situs Warisan Budaya,Hutan Adat Sembalun,Hutan lindung yang dijaga aturan adat ketat tak boleh sembarang ambil,Contoh nyata kearifan lokal menjaga alam lestari turun-temurun,Sembalun,-8.3598,116.5258,Terawat
357,Desa & Situs Warisan Budaya,Sumber Air Suci Bayan,Mata air tua dipakai penyucian adat & kebutuhan warga berabad-ulan,Sumber kehidupan yang dihormati & dijaga kesuciannya terus,Bayan,-8.2666,116.4272,Tidak Terawat
358,Desa & Situs Warisan Budaya,Jalur Pendakian Adat Rinjani,Rute pendakian yang dipakai tetua adat sejak zaman dahulu kala,Jalur sakral penghubung manusia dengan alam roh leluhur,Rinjani,-8.4100,116.4600,Tidak Terawat
359,Desa & Situs Warisan Budaya,Makam Raja-Raja Cakranegara,Kompleks pemakaman raja-raja yang pernah berkuasa di Lombok,Silsilah & sejarah kepemimpinan yang terekam jelas di nisan,Cakranegara,-8.5880,116.1070,Tidak Terawat
360,Desa & Situs Warisan Budaya,Areal Sawah Bertingkat Sembalun,Sistem pengairan sawah warisan leluhur teratur indah dipandang,Kearifan lokal mengelola air pertanian yang efisien & berkelanjutan,Sembalun,-8.3598,116.5258,Terawat
